{
  "3": {
    "1": {
      "angles": [
        0.615533629093832,
        0.3926720292447629
      ],
      "AR": 0.6924500474008557
    },
    "2": {
      "angles": [
        0.4877097327098487,
        0.8979876956225422,
        0.5550603400685824,
        0.29250781484335187
      ],
      "AR": 0.7559062918257108
    },
    "3": {
      "angles": [
        0.4220840819023261,
        0.7984127540558412,
        0.9370887965673924,
        0.608757260014991,
        0.45927530900125874,
        0.23539562255067184
      ],
      "AR": 0.7923980072764281
    },
    "4": {
      "angles": [
        0.4087638451376018,
        0.7805849642303698,
        0.9877281203234828,
        1.1563136754269583,
        0.5995654665076653,
        0.4344182507567688,
        0.29695001489559947,
        0.15906683733146543
      ],
      "AR": 0.8168758698205445
    },
    "5": {
      "angles": [
        0.3595894069747186,
        0.7065726026028729,
        0.8225565476596165,
        1.0047548948734175,
        1.154274581864511,
        0.6318520293950315,
        0.5226524412470716,
        0.3897420609614237,
        0.2754121638618102,
        0.1491700495831238
      ],
      "AR": 0.8363791264990517
    },
    "6": {
      "angles": [
        0.3310418098207508,
        0.6450310061053609,
        0.7307769161793426,
        0.836583144632134,
        1.0091635404435226,
        1.1261003732383816,
        0.6355589295314058,
        0.5339629402370255,
        0.4631092335134802,
        0.3602554466252171,
        0.25915232549960054,
        0.13902573609703753
      ],
      "AR": 0.8498936745383119
    },
    "7": {
      "angles": [
        0.31008979622262184,
        0.6182188190089186,
        0.6902478518219215,
        0.7512220778320337,
        0.8590852547459236,
        1.0203900290324208,
        1.1220662506886752,
        0.6481402507440225,
        0.553924977795485,
        0.489883395749668,
        0.4450177185381082,
        0.3405836917027854,
        0.2438269283195185,
        0.1306345706291833
      ],
      "AR": 0.8597933410827674
    },
    "8": {
      "angles": [
        0.29460578399845716,
        0.5867855563839934,
        0.6544101338605631,
        0.7079285831294416,
        0.7645742048056706,
        0.8642502415428974,
        1.0256656628956398,
        1.1162872335171907,
        0.6491604649814701,
        0.5546799488534804,
        0.5003222457916596,
        0.4686938845614677,
        0.41960894909047436,
        0.31891713167388375,
        0.23132378988234067,
        0.12290392279079686
      ],
      "AR": 0.8674066482812723
    },
    "9": {
      "angles": [
        0.2794011924832918,
        0.5661332449495192,
        0.6312225917782034,
        0.6793325189483329,
        0.7262406506047812,
        0.7680564192050686,
        0.8745220050355192,
        1.0374709214132756,
        1.1179866501257232,
        0.6544738691800278,
        0.5618639663372907,
        0.5090114025125145,
        0.4867762872507141,
        0.4514350922540272,
        0.40321108228165636,
        0.30473032103041725,
        0.2198329630539531,
        0.11718174267088216
      ],
      "AR": 0.8735215640022997
    },
    "10": {
      "angles": [
        0.26671636739366406,
        0.544822698106431,
        0.6099810245305547,
        0.6562600851574694,
        0.6957083572595683,
        0.7287573975239775,
        0.7738775819972508,
        0.882111389799642,
        1.0438010077525992,
        1.1152592242707038,
        0.6555835372498169,
        0.5631814864780931,
        0.5138881653307606,
        0.49558421683669446,
        0.4688948671814715,
        0.4357432798966732,
        0.3884706701377942,
        0.29117618969626957,
        0.21050904544590224,
        0.11238794493527438
      ],
      "AR": 0.8785275447411593
    },
    "11": {
      "angles": [
        0.257287401304126,
        0.5280405724278872,
        0.5917709544691275,
        0.6396914913796506,
        0.6772056138057753,
        0.7020614534590051,
        0.7370242568081657,
        0.7753074973682114,
        0.8835587304543469,
        1.046970255431072,
        1.1152377164688672,
        0.6564387949836022,
        0.5633471282117171,
        0.5163014280756274,
        0.5036682504396424,
        0.4818229959468761,
        0.45601255796623946,
        0.421434626428442,
        0.3707732712794268,
        0.27645017426067187,
        0.20094698054318946,
        0.10725070156301893
      ],
      "AR": 0.8828425408436951
    }
  },
  "4": {
    "1": {
      "angles": [
        -1.843918249365835,
        0.6086897883771427
      ],
      "AR": 0.6315252011050679
    },
    "2": {
      "angles": [
        -1.1441066910535573,
        -1.7216639147380988,
        0.4065570777982048,
        1.081771128300726
      ],
      "AR": 0.7124803034177163
    },
    "3": {
      "angles": [
        -0.860079699031599,
        -0.2772323266965971,
        -0.9296921728855216,
        0.5822171896292961,
        0.1996415783539933,
        0.7122885015622064
      ],
      "AR": 0.7593882355953572
    },
    "4": {
      "angles": [
        -0.8933290370333901,
        -0.17468465254081036,
        -0.19068686890582773,
        -1.7625396070161072,
        0.11445073116892575,
        0.31927739717489906,
        0.9393818914499722,
        0.11275354936194078
      ],
      "AR": 0.7843042225596838
    }
  },
  "5": {
    "1": {
      "angles": [
        -0.8655814561862757,
        0.40115234294817526
      ],
      "AR": 0.6015077233868955
    },
    "2": {
      "angles": [
        -1.1131436528608634,
        -1.8081678627060087,
        0.6186633226106697,
        0.4145355698898132
      ],
      "AR": 0.6932100453074409
    },
    "3": {
      "angles": [
        -0.8881046058873469,
        -1.1147229238579062,
        -0.947772628597231,
        0.32412616801346117,
        0.21158492200364892,
        0.8145277722998174
      ],
      "AR": 0.731645777105323
    }
  }
}